"imdb_score","movie_facebook_likes",
7.9,33000,
7.1,0,
6.8,85000,
8.5,164000,
7.1,0,
6.6,24000,
6.2,0,
7.8,29000,
7.5,118000,
7.5,10000,
6.9,197000,
6.1,0,
6.7,0,
7.3,5000,
6.5,48000,
7.2,118000,
6.6,0,
8.1,123000,
6.7,58000,
6.8,40000,
7.5,65000,
7,56000,
6.7,17000,
7.9,83000,
6.1,0,
7.2,0,
7.7,26000,
8.2,72000,
5.9,44000,
7,150000,
7.8,80000,
7.3,0,
7.2,95000,
6.5,24000,
6.8,0,
7.3,44000,
6,0,
5.7,56000,
6.4,60000,
6.7,41000,
6.8,30000,
6.3,10000,
5.6,24000,
8.3,30000,
6.6,0,
7.2,94000,
7,129000,
8,82000,
7.8,92000,
6.3,22000,
7.3,115000,
6.6,23000,
7,83000,
6.3,46000,
6.2,5000,
6.8,20000,
7.2,39000,
7.5,30000,
8.4,16000,
6.2,0,
5.8,13000,
6.8,0,
5.4,44000,
6.6,29000,
6.9,0,
7.3,54000,
9,37000,
8.3,27000,
6.5,0,
7.9,10000,
7.5,42000,
4.8,0,
5.2,0,
6.9,80000,
5.4,2000,
7.9,77000,
6.1,0,
5.8,0,
8.3,118000,
7.8,65000,
7,18000,
6.1,53000,
7,89000,
7.6,45000,
4.5,677,
6.3,35000,
7.8,55000,
6.4,0,
6.5,37000,
7.9,41000,
7.8,40000,
6.6,10000,
5.5,67000,
8.2,33000,
6.4,0,
8.1,96000,
8.6,349000,
8.8,175000,
8.2,0,
7.9,166000,
6.7,14000,
7.8,23000,
7.8,54000,
6.6,38000,
6.1,11000,
5.6,0,
6.4,30000,
6.1,0,
7.3,89000,
6.6,82000,
6.3,11000,
6.1,0,
7.1,8000,
5.5,0,
7.5,0,
7.6,0,
6.4,0,
7.2,11000,
6.7,0,
8,10000,
8.3,15000,
6.7,0,
5.9,2000,
6.7,0,
6.7,0,
7.6,58000,
7.2,0,
7.1,63000,
8.1,191000,
6.7,0,
7,63000,
6.9,0,
5.1,0,
5.8,19000,
6.2,82000,
7.4,47000,
5.8,0,
6.6,29000,
6.2,0,
7.3,20000,
4.2,18000,
6.9,0,
6.4,33000,
5.4,0,
6.7,0,
5.8,24000,
6.9,11000,
7.2,0,
6.9,17000,
6.1,0,
5.5,62000,
6.6,11000,
6.1,2000,
6.3,3000,
7.2,24000,
7.4,35000,
7.3,25000,
6.1,2000,
7.7,0,
6.1,51000,
8,19000,
7.3,5000,
7.9,46000,
5.5,24000,
5,0,
7.7,18000,
6.6,0,
5.7,0,
5.8,42000,
6,0,
6.4,0,
6.9,46000,
6.4,2000,
7.4,0,
5.5,65000,
5.9,0,
6.8,0,
7.5,0,
6.8,27000,
8.1,190000,
6.5,13000,
7.2,26000,
6.7,11000,
8.1,0,
7.6,6000,
7.4,61000,
7.6,82000,
5.5,65000,
6.7,26000,
6.5,0,
6.6,0,
6.7,16000,
6.4,23000,
5.8,71000,
7.4,44000,
7.8,11000,
6.6,0,
4.9,37000,
6.5,0,
7.5,40,
6.2,11000,
7.3,13000,
7.5,16000,
5.6,20000,
8.2,0,
8.1,10000,
6.4,25,
6.7,52000,
6.6,0,
6.4,0,
7.5,0,
7.3,54000,
7.5,39000,
5.8,15000,
7.5,0,
6.6,0,
6.7,31000,
3.7,0,
6,0,
6.4,19000,
6.1,0,
6.4,0,
5.6,0,
8,122000,
5.2,0,
7.1,31000,
4.8,0,
7,97000,
5.4,459,
6.6,61000,
6.7,0,
6.2,60000,
6.1,0,
5.3,0,
6.3,11000,
7,71000,
7.6,10000,
6.7,0,
8.1,0,
6.7,68000,
6.5,13000,
7.3,28000,
5.1,291,
6,0,
6.1,16000,
5.9,62000,
7.8,147000,
5.8,0,
6.3,12000,
4.3,41000,
6.4,3000,
6.1,52000,
6.5,0,
7.1,4000,
6.4,0,
6.5,0,
6.3,27000,
7.5,0,
4.9,0,
5.8,14000,
7.6,0,
6.2,71000,
5.5,31000,
5.4,304,
5.8,12000,
7.1,36000,
5.4,0,
3.7,894,
6.7,123000,
7.2,0,
8.8,21000,
5.8,0,
6.8,0,
3.8,946,
7.1,0,
7.2,0,
5.9,0,
7.1,5000,
8.1,153000,
7.2,0,
6.9,0,
4.4,53,
6.5,0,
8.5,21000,
7.7,0,
7.4,0,
8,0,
5.7,0,
8.5,13000,
7,0,
7.8,0,
7.2,0,
6.4,0,
5.5,0,
6.7,16000,
6.1,0,
8.5,199000,
6.9,0,
7.3,0,
6.7,108000,
6.9,0,
5.1,0,
6.8,11000,
5.8,24000,
6.7,17000,
6,25000,
5.7,2000,
8,14000,
8.2,138000,
5.4,0,
7.2,0,
7.5,124000,
7,16000,
3.3,0,
6,21000,
7.1,0,
5.4,0,
6.1,56000,
5.3,37000,
2.2,881,
7,27000,
3.8,416,
6.9,0,
7.2,33000,
7.3,578,
6.3,0,
7.5,0,
7.6,13000,
6.8,0,
5.2,0,
7.7,10000,
6.2,18000,
7.7,18000,
4.3,0,
6.9,0,
6.6,14000,
7,56000,
6.7,16000,
8.2,11000,
8.9,16000,
8.7,10000,
5.5,16000,
5.7,0,
6.3,37000,
5.9,0,
7.6,47000,
6.6,0,
5.3,66000,
6,701,
8,0,
5.6,1000,
5.9,9000,
7.3,0,
7.9,0,
6.8,18000,
6.6,0,
6.6,0,
7,0,
7,0,
7.3,70000,
5.5,0,
8.5,29000,
7.5,12000,
7,0,
7.8,54000,
7.6,0,
7.6,20000,
6.1,0,
6.8,0,
5,0,
7.1,0,
5.5,0,
5.6,39000,
7.1,11000,
4.9,988,
7.4,15000,
5.7,0,
6.4,0,
5.9,28000,
5.5,0,
6.9,15000,
6.2,0,
7,0,
5.6,0,
7,19000,
6.8,0,
5.4,2000,
6.1,979,
6.7,0,
4.3,41000,
6.9,0,
8,0,
4.4,788,
7.3,0,
6.3,0,
6.7,14000,
7.7,23000,
6.5,0,
7.8,0,
6.4,0,
7.8,0,
5.8,19000,
7.1,28000,
7.1,0,
8.6,59000,
6.8,19000,
4.8,372,
6.2,0,
6.9,19000,
7.3,0,
6.6,0,
6.9,0,
6.2,863,
6.7,49000,
7.6,0,
6.7,0,
6.2,0,
7.3,0,
6,0,
7.1,0,
7.1,10000,
5.5,941,
7.8,0,
5.6,18000,
7.5,36000,
5.4,0,
4.3,374,
4.9,0,
7.1,46000,
6.4,7000,
6.9,0,
4.3,0,
6.1,0,
7,3000,
7.7,12000,
5.9,0,
6.7,0,
6.5,57000,
7.1,0,
7.3,140000,
6.5,56000,
7,0,
6.8,0,
7.2,0,
6.4,0,
6.1,0,
6.7,22000,
6.4,0,
4.4,0,
5.4,14000,
6.5,0,
6.7,0,
8.1,53000,
5.6,0,
6.3,0,
7.3,11000,
6.1,0,
7.7,0,
6.4,19000,
8.8,55000,
6.8,0,
6.6,0,
7.2,0,
6.9,20000,
5.2,0,
4.9,0,
6.3,0,
5.6,0,
5.5,0,
6.7,0,
7.6,82000,
5.7,0,
4.6,0,
7,4000,
5.2,0,
5.1,0,
6.6,0,
7,91,
6.7,16000,
7.6,0,
7.3,607,
5.9,3000,
5.6,0,
6.5,0,
5.9,951,
7,32000,
5.3,0,
5.9,0,
6.3,0,
6.4,257,
6.9,0,
6.3,0,
7.3,0,
5.8,0,
5.2,0,
2.4,0,
5.7,665,
5.8,0,
5.6,0,
6,0,
5.8,964,
6,21000,
5.7,995,
6,941,
7.8,0,
4.2,785,
5.6,20000,
4.4,138,
8.2,29000,
8.5,17000,
5.8,0,
6.5,15000,
7.2,0,
6.7,0,
3.4,0,
5.9,0,
7.8,31000,
5.9,0,
4.1,413,
6.8,36000,
5.8,0,
7.5,56000,
6.9,16000,
6.5,0,
6.9,0,
7.9,17000,
7.4,0,
6.7,0,
7.4,51000,
6.9,0,
6.8,11000,
6.7,0,
5.1,893,
4.1,509,
7.3,105000,
6,12000,
7.3,16000,
7.5,10000,
5.4,1000,
5.9,0,
7.1,0,
6,0,
6.5,0,
8.3,0,
5.7,0,
7.6,0,
6.6,0,
5.4,0,
7.3,43000,
6.5,0,
6.6,0,
6.6,0,
5.9,0,
6.7,0,
6.1,30000,
6.6,0,
6.6,0,
5.3,648,
6,0,
6,0,
4.7,683,
6.1,1000,
7.2,0,
6.4,70000,
6.1,42000,
5.9,880,
6,0,
6.3,14000,
5.6,0,
6.4,0,
7.1,0,
6.6,0,
4.6,266,
8.4,17000,
7.1,0,
7.4,0,
6.9,0,
4.5,886,
7.1,2000,
6.5,0,
5.3,694,
6.7,0,
7.2,0,
7.2,0,
5.5,0,
5.8,10000,
6,16000,
6.6,1000,
8.3,42000,
6.7,13000,
6,21000,
7.1,0,
6,0,
7.5,14000,
6.9,0,
5.6,0,
5.6,0,
4.5,2000,
7.1,5000,
6.5,45000,
6.4,1000,
5.8,25000,
8,26000,
6.2,0,
7.2,28000,
6.1,34000,
7.6,0,
6.3,13000,
6.3,37000,
6.3,0,
7.7,15000,
7,0,
5.3,0,
5.6,792,
5.2,0,
5.4,531,
6.4,24000,
5.9,33000,
6.3,997,
6.5,17000,
3,584,
3.6,391,
5.8,815,
6.2,2000,
5.6,5000,
5.4,11000,
6.1,0,
4.2,764,
6.7,34000,
4.2,12000,
6.4,0,
4.9,29000,
6.8,0,
7.7,31000,
5.6,617,
6.4,30000,
7.2,29000,
6,0,
5.9,10000,
7.9,0,
6.8,12000,
7.1,0,
5.9,0,
5.9,98000,
6.2,0,
7.4,0,
7,0,
5.4,0,
8.6,22000,
6.5,32000,
6.4,0,
7.6,3000,
5.5,4000,
7.4,71000,
8.7,25000,
7.6,5000,
7.5,0,
5.5,1000,
7.6,144000,
6.5,0,
6.9,0,
6.7,0,
6.6,25000,
7.2,35000,
6.4,0,
6.4,0,
6,0,
6.1,0,
6,0,
6.4,0,
6.4,59000,
7.3,10000,
5.2,16000,
6.6,23000,
6.3,18000,
5.9,0,
6.4,0,
6.7,688,
5.4,32000,
6.4,0,
6.7,4000,
6.2,892,
6.1,0,
8.8,48000,
7.1,0,
8.1,0,
5.7,0,
5,177,
5.1,15000,
6.9,0,
4.8,0,
6.5,32000,
5.1,295,
7.1,40000,
7.5,26000,
6.2,0,
6.3,0,
8.1,19000,
6.6,0,
6.9,0,
6.1,0,
4.3,0,
6.6,0,
6.8,0,
3.8,0,
5.9,0,
7.9,114000,
6.3,0,
5.5,0,
7.7,13000,
6.3,0,
7.1,11000,
8.5,30000,
5.9,0,
5.8,912,
8.1,146000,
7.9,0,
7.2,0,
6.3,885,
8.1,18000,
7,0,
5.5,886,
6.7,22000,
5.2,0,
7,0,
6.1,0,
6.6,0,
5.5,0,
5.9,0,
5.4,781,
6.4,24000,
5.7,26000,
6.7,0,
7.1,32000,
6.8,0,
6.5,0,
7.6,0,
5.5,0,
6.5,0,
7,38000,
5.8,0,
7.3,0,
6.6,42000,
4.4,858,
7.7,10000,
5,6000,
7.7,14000,
4.4,747,
6.1,0,
5.4,0,
6.8,0,
6.5,1000,
7,12000,
6.3,0,
6.3,0,
6.1,829,
6.1,0,
7.3,0,
5.3,797,
5.4,1000,
6.2,17000,
6.6,24000,
5.9,28000,
6.3,0,
7.2,0,
6.8,11000,
6.1,0,
7.8,64000,
5,621,
6.2,0,
6.7,40000,
4.9,0,
7.4,23000,
7.1,0,
6.2,0,
4.9,448,
6.1,690,
6.1,0,
6.4,0,
6.3,0,
6.8,11000,
6.6,0,
5.7,956,
5.9,846,
6,0,
6.1,0,
6.7,0,
6.7,0,
7.9,15000,
5,470,
4.3,0,
5.7,20000,
6.7,880,
6.7,10000,
8.1,123000,
6.1,0,
5.6,0,
6.6,2000,
6.9,0,
4.8,589,
6.2,17000,
6,44000,
4.9,791,
5.6,0,
6.1,641,
6.1,0,
4.8,2000,
5.5,12000,
3.8,0,
6.5,0,
6,426,
6.7,0,
8.1,117000,
4.9,296,
7.3,112000,
6.4,35000,
6.6,990,
6.7,0,
3.6,500,
5.7,2000,
6,472,
4.9,0,
4.7,0,
6.3,22000,
5.9,19000,
5.9,0,
7,0,
7.5,11000,
5.6,12000,
6.4,0,
6.3,782,
4.3,18000,
5.9,0,
6.7,0,
5.5,0,
6.2,0,
8.8,59000,
5.2,0,
7,0,
6.6,0,
7.3,0,
5.6,960,
6.6,0,
5.4,5000,
6.3,0,
7.9,65000,
6.3,0,
6,0,
7.2,56000,
5.1,0,
7.3,0,
8,32000,
6.2,0,
6,0,
6.7,0,
8.1,13000,
6.4,0,
8.4,0,
8,0,
6.3,0,
6.4,8000,
6.6,0,
6.4,0,
6,14000,
6.6,0,
5.9,0,
6.4,0,
6.3,0,
7.3,0,
6.8,0,
7.2,30000,
5.7,15000,
6,0,
6.5,0,
5.8,0,
5.8,0,
6.7,0,
7.8,14000,
5.6,1000,
5.8,0,
7.4,0,
6.9,0,
5.5,0,
6.3,953,
4.7,316,
5.6,610,
6.4,10000,
4.2,437,
6.4,19000,
7.7,0,
7.7,0,
5.3,448,
6.7,0,
7.7,26000,
5.7,10000,
7.6,0,
6.4,0,
5.6,0,
6.8,0,
2.4,2000,
6.2,0,
5.9,0,
7.1,0,
7.6,10000,
5.5,361,
7,44000,
7.1,0,
7.4,21000,
7.6,0,
5.9,853,
5.9,672,
8,15000,
7.4,39000,
5.8,0,
6.3,10000,
5.7,9000,
5.1,0,
7.6,0,
6.4,13000,
7.4,0,
8.2,11000,
6.5,0,
5.5,846,
6.5,0,
5.6,605,
4.9,1000,
4.6,13000,
7.9,0,
7.1,36000,
6.9,0,
7.3,0,
7,74000,
7.7,11000,
6.7,0,
6.3,41000,
5.8,0,
7.1,37000,
7.3,0,
6.4,0,
7.1,24000,
7.6,11000,
6.8,0,
6.6,10000,
6.7,0,
6.1,13000,
6,90000,
7.6,0,
7.1,0,
5,0,
7.1,22000,
6.2,0,
5.6,2000,
5.4,0,
7.4,44000,
5,795,
5.2,0,
7.6,27000,
6.6,0,
7,24000,
5.7,0,
8.2,48000,
6.2,955,
7.9,0,
6.6,624,
4.7,1000,
6.3,970,
6.1,45000,
6.7,0,
6.1,27000,
7,0,
7.4,44000,
7.3,18000,
5.8,773,
6.7,1000,
5.8,2000,
7.8,25000,
6.6,0,
6.5,0,
6.7,39000,
7.3,3000,
5.8,15000,
5.5,669,
6.3,0,
7.4,47000,
5.9,0,
6.2,0,
5.9,0,
6.5,1000,
4.4,812,
3.5,0,
6.6,0,
6,718,
6.4,0,
6.5,0,
7.8,361,
4.3,877,
4.2,0,
6.5,16000,
6.1,0,
6.3,0,
6.2,3000,
5.9,0,
5.9,43000,
6.5,0,
6.4,705,
6.5,0,
5.7,0,
7.5,915,
8,0,
7.3,0,
6.7,10000,
7.5,0,
5.4,779,
6.6,15000,
7.7,0,
5.8,0,
6.4,0,
5.6,18000,
6,0,
6.2,697,
5.9,0,
5.1,943,
6.8,9000,
7,0,
6,0,
5.1,422,
5.8,0,
6.2,14000,
6.4,0,
4.8,28000,
4.9,288,
5.6,255,
5.5,15000,
3.7,0,
5.9,0,
8.5,31000,
6.3,2000,
7.4,21000,
7.6,0,
8.3,0,
6.6,36000,
6.9,67000,
6.7,0,
6.8,0,
4.6,352,
7.1,3000,
6.4,18000,
6.4,0,
7.4,0,
6.4,0,
6,0,
6.5,828,
7.8,0,
6,38000,
7,0,
6,0,
7.8,522,
6.1,2000,
6.8,0,
6.4,0,
7.7,0,
8.1,0,
4.5,261,
5.8,616,
6.3,0,
5.7,881,
7.2,0,
7.6,3000,
4.7,0,
6.6,975,
6.8,0,
7.3,0,
2.7,115,
4.8,0,
6.3,63000,
5.5,0,
6.2,0,
5.8,0,
5.7,1000,
6.5,0,
6.7,1000,
7.4,22000,
6.9,0,
5.5,0,
8.1,86000,
7.7,0,
7.3,19000,
5.2,0,
7.1,26000,
7.1,0,
7.2,0,
6.5,0,
4.6,0,
5.6,0,
7.7,52000,
7.2,0,
6.8,0,
5.4,0,
6.3,1000,
7.2,0,
5.6,743,
6.8,10000,
4.3,531,
6.3,0,
6.5,12000,
6.4,0,
6.3,0,
5.9,0,
6.5,28000,
6.5,2000,
6.1,2000,
5.9,593,
6.6,11000,
7.4,14000,
7.3,0,
6.6,0,
5.6,0,
5.3,451,
6,0,
5.4,916,
6.8,0,
6.4,0,
7.1,46000,
4.9,0,
5.8,652,
7.1,915,
7.2,15000,
6,0,
6,0,
7,0,
5.4,0,
6.5,892,
6.4,0,
8.3,17000,
4.9,68,
6.3,17000,
1.7,0,
7.7,89000,
7.8,0,
5.5,0,
7.5,0,
6.4,0,
5.6,353,
7.5,0,
6.8,1000,
6.8,0,
6,11000,
7.3,0,
6,0,
7,0,
5.1,0,
6.8,0,
6.5,0,
6.6,16000,
7.2,39000,
7,11000,
7,0,
5.9,0,
5.4,0,
6.6,24000,
7,0,
6.5,17000,
6.3,893,
6.5,0,
6.5,0,
5.8,0,
6.6,0,
5.4,20000,
6.1,748,
4,0,
7.6,10000,
7.9,0,
5.3,19000,
6.6,50000,
6.3,0,
7.5,455,
7.2,0,
7,0,
4.9,161,
6.9,0,
5.2,505,
8.1,14000,
6.6,11000,
6.2,11000,
7.2,0,
7.3,63000,
6.7,10000,
6.4,0,
7.8,12000,
6.4,83000,
4.1,101000,
4.1,681,
7.4,0,
5.8,0,
7.6,58000,
7.2,0,
7.8,40000,
7.7,74000,
6.4,12000,
5.1,1000,
5.5,0,
7.4,0,
6,14000,
7.5,14000,
7,13000,
7.5,28000,
7.3,0,
5.7,55000,
7.3,11000,
7.2,54000,
5.9,0,
7.8,0,
7.7,0,
8.1,13000,
6.6,0,
7.1,0,
5.9,0,
8,0,
4.6,663,
6.1,2000,
7.2,35000,
6.4,0,
6,16000,
5.2,0,
7.6,55000,
6.4,0,
6.4,12000,
6.1,0,
6.1,0,
5.2,0,
7.7,0,
7.3,25000,
6.9,29000,
8.5,49000,
6.3,12000,
5.9,0,
7.8,14000,
6.7,0,
6.4,17000,
5.9,263,
6.6,0,
6.8,0,
6.5,0,
6.6,11000,
5.8,3000,
6.9,16000,
7.1,0,
5.8,0,
7.2,0,
6,694,
4.7,0,
5.2,0,
5.5,0,
6.5,0,
7,42000,
5.8,0,
6.2,26000,
6.5,0,
7.2,0,
5.1,0,
4.7,390,
5.9,20000,
5.8,445,
7.2,16000,
6.2,0,
7.4,301,
5.7,702,
6.1,24000,
6,0,
6.9,39000,
6.5,0,
5,0,
5.7,470,
7,3000,
5.1,394,
5.3,279,
4.4,0,
4.7,299,
6.7,0,
6.7,8000,
5.7,0,
7.4,0,
6.1,680,
6.4,15000,
6.2,0,
6.2,416,
5.9,0,
4,0,
6.2,309,
4.6,0,
6.4,0,
5.9,555,
5.1,604,
7.6,54000,
4.2,754,
7.8,15000,
5.8,835,
5.9,630,
8.4,39000,
4.8,849,
6.2,0,
6.5,0,
6.3,579,
3.3,612,
5.9,0,
6,11000,
5.8,0,
6.5,866,
4.7,328,
4.1,401,
6.8,10000,
6.2,892,
4.5,158,
5.8,565,
7.3,15000,
5.9,0,
4.4,211,
5.8,0,
5.1,823,
6.9,0,
6.2,12000,
6.9,0,
7.3,0,
7.1,0,
6,265,
7,58000,
6.8,0,
5.7,89,
7.6,15000,
8.4,21000,
7.1,13000,
5.6,0,
6.7,14000,
7,25000,
8,14000,
5.3,177,
4.9,0,
6.4,12000,
7.4,0,
6.1,0,
6.5,9000,
5.7,478,
5.1,478,
6.6,0,
6.5,13000,
6.9,33000,
7.8,0,
6.4,0,
7.6,0,
5.6,0,
6.2,989,
4.4,8000,
5.6,689,
5.5,168,
6.7,0,
6.1,352,
6.2,0,
7.3,12000,
6.6,911,
8.2,23000,
6.4,39000,
6.4,389,
5.2,474,
6.5,0,
7.1,27000,
4.8,366,
7.3,0,
5.2,14000,
7.7,70000,
7.6,29000,
5.7,14000,
7,0,
6,0,
8.1,83000,
8,13000,
5.6,0,
6.1,15000,
6.9,0,
5.2,19000,
7,0,
6.3,0,
7,35000,
5.3,240,
6.9,0,
6.2,0,
6.4,12000,
6.4,0,
5.7,852,
6.1,0,
5.4,11000,
6.7,591,
6.8,846,
6,23000,
7.8,17000,
5.3,133,
4.5,279,
5.4,638,
7.8,24000,
7.2,12000,
6.6,0,
7.6,12000,
5.9,2000,
6.7,0,
7.7,38000,
5.8,0,
5.4,0,
6.9,31000,
7.7,36000,
6.8,0,
6.4,0,
5.7,17000,
7.3,0,
6.8,0,
6.3,25000,
5.9,919,
7.4,0,
8.3,11000,
6.2,0,
6.3,0,
5.8,0,
7.5,10000,
6.3,0,
6.4,0,
7.2,0,
6.3,0,
6.9,0,
6.6,41000,
6,0,
7.5,39000,
7.7,0,
6.2,18000,
5.4,0,
6.6,0,
5.3,913,
5.6,0,
5.9,0,
7.8,0,
6.7,0,
7.4,11000,
6.2,0,
5.4,0,
6.7,52000,
5.3,0,
5.9,13000,
7,265,
4.8,0,
7.3,0,
3.8,0,
8.5,21000,
6.8,0,
6.8,0,
5.3,0,
7.3,12000,
6.6,16000,
6.2,5000,
5.2,0,
6.2,0,
6.2,0,
6.6,0,
6.4,12000,
6.2,0,
5.1,11000,
6.6,0,
6.1,0,
6.1,0,
6.6,949,
5.9,0,
6.3,0,
7.1,23000,
5,13000,
5.6,538,
7.4,0,
4.5,0,
6.2,0,
5,0,
6.5,20000,
5.1,0,
6.5,0,
6.2,17000,
6.3,0,
3.8,0,
5.2,0,
6,0,
6.2,0,
5.7,452,
6.7,0,
6.8,0,
6,433,
7.3,0,
5.5,0,
6.7,39000,
4.8,471,
5.7,10000,
5.1,704,
6,0,
4.2,494,
7.4,24000,
4.6,0,
6.9,9000,
8.6,20000,
6.9,892,
8,6000,
6.4,561,
6.3,675,
8.4,0,
7.1,262,
6.8,633,
7.5,29000,
4.5,677,
5.7,0,
7.2,26,
6.8,38000,
5.4,0,
7.2,0,
7.3,23000,
5.2,120,
5.5,0,
7.7,0,
7.1,23000,
5.3,1000,
5.6,314,
5.7,0,
7.1,13000,
7.5,0,
7.6,0,
5.5,742,
5.1,1000,
6.3,0,
4.9,0,
6.5,19000,
5.6,4000,
5.3,463,
6.5,4000,
6.8,0,
6.5,12000,
6,783,
8.4,14000,
6,0,
7.6,15000,
5.6,0,
6.9,21000,
6.4,0,
5.1,0,
7,11000,
5.7,0,
6.8,27000,
6.7,97000,
6.2,0,
7.2,0,
6.2,0,
5.6,0,
4.4,0,
7.5,56000,
7.1,0,
6.4,10000,
7.1,5000,
5.9,2000,
6.9,0,
7.5,0,
6.3,0,
6.4,0,
5.9,702,
6.8,0,
6.3,12000,
3.6,0,
5.3,350,
5.9,13000,
6.9,643,
6.9,625,
6.1,559,
5.7,290,
8.5,19000,
6.3,0,
7.3,0,
6.3,0,
7.2,0,
7.3,64000,
6.3,0,
8.1,149000,
6.9,0,
6.3,0,
7.3,0,
5.5,62000,
6.1,28000,
6.9,0,
7.2,0,
6.4,0,
6.4,0,
8.3,0,
7.2,0,
6.8,32000,
6.5,0,
7.8,0,
7.6,0,
7.2,41000,
6.7,0,
6.8,5000,
6.3,0,
6.2,0,
6.2,0,
8.6,39000,
8,22000,
7,0,
8,12000,
8.1,14000,
6.7,0,
7.9,57000,
6.1,0,
4.2,0,
6.1,181,
6.6,883,
7.5,11000,
7.4,19000,
7.2,0,
6.9,81000,
7.4,75000,
5.4,602,
6.8,5000,
6.3,0,
7.2,0,
8.7,0,
6.9,0,
6,0,
5.9,0,
5.4,0,
5.9,0,
6.1,0,
7.7,78000,
5.8,0,
7.6,13000,
6.1,0,
5.4,0,
5.1,1000,
6.4,1000,
6.3,0,
7.5,0,
7.1,20000,
5.2,771,
7.8,12000,
6.5,13000,
6.6,0,
5.1,13000,
7.4,0,
7.2,0,
7.6,59000,
7.5,44000,
6.6,11000,
7.2,34000,
7.6,0,
6.2,16000,
5.6,0,
7.6,13000,
6.6,0,
7,66000,
2.7,0,
7.6,0,
6.6,0,
6.9,0,
6.8,38000,
7.5,0,
3.7,1000,
6.1,0,
5.9,39000,
6.7,0,
8.5,0,
6.9,0,
5.5,304,
7.1,13000,
7.1,29000,
5.9,0,
7.3,0,
3.4,1000,
6.8,0,
6.9,11000,
7,592,
5.5,0,
5.1,1000,
6.2,18000,
5.9,11000,
5.2,484,
6.2,11000,
5.5,491,
7.4,27000,
4.4,0,
6.3,999,
6.1,629,
5.3,204,
5.4,0,
6.7,24000,
5.9,0,
7.3,0,
5.5,462,
5.8,12000,
4.6,0,
6.7,0,
5.1,0,
5.6,625,
7,0,
6.4,23000,
6.7,0,
4.1,858,
5.5,654,
2.7,0,
6.4,24000,
4.8,387,
6.1,0,
4.8,0,
7,0,
6.8,19000,
7.3,0,
8.2,0,
5.6,0,
6.1,0,
7.9,0,
8.4,12000,
6.5,0,
7.1,0,
6.6,287,
4,353,
7,0,
5.6,445,
4.8,0,
7.5,0,
6,0,
7.2,0,
5.6,0,
6.8,21000,
4.9,885,
7.1,0,
2,0,
5.7,6000,
4.1,161,
6.7,447,
7.5,13000,
6.5,40000,
7.9,11000,
7.6,12000,
6.4,0,
5.8,0,
7.7,0,
7.1,3000,
5.3,201,
5.3,0,
7.5,0,
6.9,209,
4.9,0,
7.1,0,
8,0,
7.9,76000,
7.6,0,
5.9,418,
6.3,0,
7.1,0,
6.4,0,
8.2,25000,
6.9,0,
7.8,99000,
6.7,0,
7.5,0,
7.4,7000,
5.2,0,
6.5,0,
7.6,0,
7.3,11000,
6.6,27000,
6.8,2000,
6.9,12000,
5.8,0,
6.6,0,
6.7,23000,
6.7,16000,
6.3,0,
7.7,36000,
6.1,0,
4.9,0,
6.2,12000,
7.8,17000,
8.2,34000,
6.9,0,
6.2,10000,
6.9,0,
4.8,209,
8,1000,
5.3,0,
6.7,913,
5.4,0,
5.4,517,
4.9,0,
6.1,0,
5.8,73000,
7,0,
6.5,0,
6.6,36000,
6.1,0,
5.7,0,
6.6,0,
7,0,
7.4,15000,
5.3,464,
7.4,845,
7.4,0,
6.8,0,
7.9,11000,
7.2,0,
6,0,
7.8,65000,
6.6,0,
7.9,14000,
6.2,894,
5.7,0,
7.1,0,
5.6,2000,
7.8,10000,
7.9,0,
6.9,15000,
7.4,21000,
7.7,14000,
6.9,0,
8.7,459,
6.7,0,
6,315,
6.2,0,
5.9,817,
6.8,0,
3.6,0,
6.7,0,
6.3,0,
6.4,0,
6.4,2000,
5.7,845,
6.2,188,
6.6,359,
5.2,0,
6.1,0,
7.1,0,
7.2,0,
6.5,15000,
6,0,
7,0,
7,0,
7.5,0,
6.6,0,
8.8,0,
7.4,0,
6.5,0,
6.2,0,
7.8,16000,
5.2,0,
6.5,43000,
6.5,736,
5.2,874,
7.2,0,
7.1,10000,
4.5,167,
5.7,20000,
6,3000,
6.4,35000,
5.2,260,
4.3,319,
6.1,145,
6.3,0,
6.8,826,
4,0,
5.2,504,
6.5,11000,
7.5,0,
7.1,13000,
6.9,0,
8,12000,
8.2,28000,
6.4,0,
7.9,29000,
6.7,19000,
6.1,0,
8.9,41000,
8.1,75000,
6.2,11000,
4.9,567,
5.4,0,
5.8,3000,
4.7,488,
6,425,
7,0,
6,0,
7.9,0,
8.1,21000,
6.2,0,
6.7,0,
7.3,18000,
4.6,660,
6.1,0,
6.2,24000,
7.8,11000,
6.1,0,
7.6,7000,
5.8,0,
6.5,29000,
7.2,6000,
7.8,0,
4.7,0,
6.8,32000,
5.9,0,
7.2,0,
8.7,25000,
5,542,
6.6,0,
8.3,19000,
6.7,0,
7.8,0,
6.5,0,
6.1,666,
8.1,16000,
5.2,187,
5.6,329,
5.8,0,
6.6,0,
6.6,0,
5.5,0,
5.5,671,
7,10000,
6.5,58000,
5.8,0,
5.6,0,
5.6,0,
5.8,1000,
7.6,0,
6.4,0,
6.3,0,
4.6,686,
6.5,0,
7.5,18000,
7.5,0,
5.3,0,
7.5,0,
3.3,0,
5.7,0,
3.5,657,
9.3,108000,
4.8,387,
6.9,3000,
6,0,
7.3,30000,
6,901,
6.6,0,
7.5,15000,
6.9,0,
6.8,0,
8.3,834,
6.3,14000,
6.4,0,
5.6,10000,
6.3,0,
7.3,0,
6.6,0,
4.6,564,
5.1,498,
5.6,377,
5.3,246,
7.5,0,
5.6,0,
5.9,0,
4.7,378,
4.8,0,
6.8,0,
5.4,503,
5.1,215,
7,43000,
6.7,0,
4,0,
7.3,0,
6.8,14000,
6.1,0,
7.2,581,
7,0,
7.1,5000,
6.9,0,
7.3,19000,
6.3,853,
8.2,77000,
7.1,0,
7.7,0,
6.5,982,
4.9,261,
6.4,0,
5.9,17000,
6.2,491,
5.8,7000,
6.7,348,
5.9,0,
7.3,32000,
4.8,739,
4.1,206,
4.9,295,
7.9,11000,
5.6,4000,
5.2,0,
4.1,83,
6.6,0,
2.9,937,
7.2,21000,
6.5,507,
6.8,0,
7.2,942,
6.8,0,
7.8,31000,
6.7,6000,
6.1,0,
7.1,0,
5.7,636,
2.9,90,
5.2,200,
5.3,24000,
6.2,0,
7.3,690,
6.5,0,
4.1,437,
7.7,0,
6.1,27000,
7.3,0,
7.2,0,
5.3,37000,
6.1,0,
5.8,0,
5.7,3000,
6.7,0,
6.5,0,
7.2,0,
7.6,12000,
4.6,891,
6.9,0,
6.6,0,
6.3,455,
6.2,15000,
5.3,204,
7.3,0,
5.6,876,
6.2,619,
5.2,0,
5.3,650,
5.4,153,
4.9,0,
5.5,13000,
6.7,0,
3.9,839,
7.2,408,
5.1,181,
6.5,12000,
8.2,13000,
7.7,26000,
7.2,0,
6.1,0,
8.8,17000,
6.8,0,
6.8,0,
6.7,0,
7.1,22000,
7.1,5000,
6.1,0,
8,148000,
7.5,15000,
6.6,0,
5.4,0,
6.1,638,
6.1,0,
5.6,153,
5.8,0,
2.8,0,
6.7,1000,
5.1,376,
7.2,0,
6,0,
7.2,0,
6.7,0,
6.3,0,
6.2,0,
6.8,532,
6.2,767,
6.9,765,
6.8,11000,
7.1,13000,
7.1,18000,
7,0,
7.1,0,
6.4,0,
7,0,
6.2,0,
7.5,0,
4.8,1000,
8.1,12000,
7.3,55000,
5.8,0,
7.6,15000,
5.6,15000,
7,0,
6.6,0,
6.5,0,
7.4,2000,
4.6,887,
6.4,0,
6,11000,
6.4,0,
5.9,739,
6.4,0,
6.6,0,
6.9,0,
6.9,0,
5.8,804,
6.4,23000,
5.3,0,
6.5,15000,
5.7,0,
6.7,0,
3.9,716,
4.1,158,
6.2,104,
3.8,272,
5.1,0,
6.4,0,
7.8,0,
7.8,11000,
6.1,0,
5.8,687,
6.3,11000,
7.7,0,
5.4,0,
7.3,815,
6.8,17000,
7.3,0,
6.5,758,
7.2,0,
6.7,0,
6.3,18000,
5.9,0,
7.8,0,
7.4,0,
4.8,1000,
6.3,0,
7.8,117000,
7.5,10000,
6,0,
6.8,0,
6.6,0,
4.6,897,
2.9,141,
7.1,7000,
6.1,1000,
6.7,365,
7.1,24000,
5.8,284,
6.7,17000,
5.8,0,
6.8,6000,
8.5,16000,
6.6,0,
7.7,0,
4.7,0,
6.4,0,
5.5,800,
8.6,40000,
7,0,
7.1,0,
5.7,0,
3.7,0,
7.5,131000,
4.6,773,
4.9,11000,
6.9,0,
7.1,0,
5.8,0,
7,0,
5.4,0,
7.3,22000,
7.1,0,
5.8,10000,
8.1,83000,
5.7,2000,
4.4,0,
7.9,16000,
7.6,51000,
4.8,0,
7.8,0,
6.7,18000,
2.7,806,
5.8,302,
7.5,22000,
5.4,227,
4.1,1000,
5.9,0,
6.3,347,
7,20000,
6.8,33000,
3.5,211,
2.3,0,
6.9,0,
8.1,80000,
6.1,0,
5,930,
5.5,0,
6.2,0,
6.2,0,
5.9,4000,
6.3,10000,
6.7,0,
3.5,16000,
7.5,0,
6.6,14000,
7.5,0,
7.2,0,
4.8,16000,
6.6,0,
3.5,13000,
6.7,0,
7.6,10000,
6.3,21000,
5.5,0,
6.3,21000,
6.5,0,
5.6,0,
6.9,0,
7.6,10000,
3.9,0,
6.1,613,
7.3,0,
8.3,52000,
5.8,0,
6.8,0,
7,49000,
5.9,590,
6.5,0,
6.4,0,
5.8,6000,
5.1,0,
6.8,0,
5.3,0,
5.3,3000,
6.4,0,
4.9,431,
6.8,1000,
7.1,0,
6.8,0,
6.1,0,
7,124,
8.5,18000,
5.9,0,
6.3,0,
5.9,681,
5.4,501,
7,0,
6.9,0,
7.5,0,
8.2,76000,
5.9,484,
5,25000,
7.3,12000,
6.4,264,
6.6,0,
7.8,0,
6.7,4,
4,422,
7.6,0,
7.7,0,
5.8,269,
5.2,19000,
5.6,401,
5.3,1000,
7.4,10000,
6.6,1000,
6.2,0,
1.9,0,
5.7,0,
6.6,0,
6,0,
6.1,10000,
4.8,713,
6.2,0,
7.5,979,
6.3,0,
7.1,983,
6.6,0,
6.1,977,
6.7,0,
5.6,0,
7.2,25000,
4.3,444,
6.4,0,
7.1,0,
6.3,0,
7.4,0,
6.1,311,
6.6,25000,
6,855,
6.8,0,
7.4,0,
6.8,0,
7.2,10000,
1.9,0,
5.5,676,
4.5,233,
6.3,924,
7,548,
6.7,18000,
2.8,346,
5,0,
7.5,0,
4.3,797,
5.6,48000,
6.2,0,
5.3,847,
7.4,608,
7.4,15000,
6.5,36000,
7.1,0,
7.2,13000,
2.3,1000,
6.4,1000,
6.1,0,
7,0,
6.5,971,
7,0,
7,0,
4.9,0,
6.9,0,
7.5,13000,
8.4,11000,
6.9,235,
4.5,1000,
7.4,0,
7,0,
2.8,241,
7.5,20000,
7.1,1000,
6.4,401,
6.7,831,
5.3,0,
6.9,973,
6.2,445,
6.3,0,
6.4,399,
6.5,1000,
6,136,
5.1,0,
5.5,217,
7.2,0,
5.4,0,
5.7,0,
5.2,30,
6.2,314,
6.7,0,
5.8,1000,
7,58,
4.8,70,
7.2,0,
5.6,0,
6.4,11000,
7.5,0,
7.4,0,
8,0,
5.7,16000,
6.8,0,
5.9,0,
7.2,11000,
5.5,0,
8.4,37000,
8.5,39000,
5.6,0,
4.1,1000,
5,1000,
6.1,0,
5.4,0,
7.1,14000,
6.6,0,
3.6,663,
6.5,0,
8.6,28000,
6.2,332,
7,1000,
7.6,53000,
6.5,0,
6.4,13000,
6.7,560,
6.3,0,
6.4,0,
5.7,238,
6.3,228,
7.8,599,
6,0,
7.7,0,
6.2,0,
5.7,124,
7.7,15000,
6.4,13000,
6.4,21000,
6.9,0,
7.3,0,
7.3,0,
6.2,0,
6.6,0,
6.7,0,
5.7,0,
3.1,31000,
6.3,0,
5.7,265,
7.1,10000,
7,0,
6.1,19000,
6.6,0,
7.8,13000,
8.3,16000,
3.9,1000,
7,0,
6.7,0,
7.3,0,
7.5,0,
6.3,0,
7.8,114000,
7.3,36000,
7.6,0,
5.3,0,
7.9,0,
5.3,588,
6.8,7000,
7.1,15000,
7.2,0,
5.8,0,
5.8,2000,
8.3,0,
5.6,0,
6.8,0,
5,0,
7.6,63000,
6.7,812,
6.7,0,
5.7,0,
5.2,591,
7.5,0,
7.2,23000,
5.3,0,
6.5,0,
5,346,
6.1,813,
7.4,2000,
4.4,4000,
7.5,0,
5.7,3000,
5.5,0,
7.1,562,
5.9,0,
6.7,0,
7,0,
7.9,0,
6.9,0,
7.3,0,
7.3,12000,
3.5,0,
7.8,0,
7.4,0,
6.7,0,
6.4,827,
7.1,18000,
6.7,0,
7.8,0,
4,378,
5.9,0,
7.2,2000,
7.2,19000,
5.1,1000,
7.7,0,
5.5,342,
6.2,271,
7.2,3000,
5.2,0,
6.7,0,
6.3,0,
5,0,
6.2,10000,
7.6,0,
4.1,804,
5.3,0,
6.2,0,
6.5,0,
8.1,12000,
6.3,0,
4.4,0,
4.6,0,
6,204,
7.6,20000,
8.4,18000,
7.9,0,
5.6,0,
6.5,14000,
7.5,0,
6.3,0,
7.9,12000,
7.9,0,
5.1,309,
6.7,7000,
6.7,3000,
5.6,12000,
5.6,2000,
6.8,30000,
6.2,0,
5.6,16000,
6.4,0,
5.6,320,
7.4,21000,
4.9,0,
6,874,
7.2,36000,
4.9,476,
7.5,0,
4.8,814,
3.1,110,
5.8,339,
6.7,4000,
6.8,419,
6.5,70000,
5.9,0,
5.5,300,
3.6,1000,
3.3,238,
7.4,0,
6.7,352,
3,154,
7.6,15000,
6.4,0,
6.9,0,
6.6,0,
5.5,0,
6.6,0,
5.2,903,
4.1,0,
6.8,0,
6.5,0,
7.6,15000,
7.4,0,
7.7,0,
7.1,0,
6.3,0,
7.6,0,
8,23000,
7.3,0,
7.6,0,
7.8,0,
6.5,0,
6.4,0,
8,30000,
4.8,0,
7.8,71000,
5.9,0,
5.4,0,
3.3,1000,
8.2,27000,
6.6,0,
5.4,393,
6.4,1000,
4.8,0,
5.9,0,
5.5,0,
7.9,17000,
4.9,0,
7.2,14000,
6.6,0,
6.7,18000,
5.3,487,
7.2,0,
5.1,6000,
5.6,492,
7.6,0,
3.1,31000,
7.2,24000,
5.7,371,
5.2,818,
7.7,0,
7,0,
3.6,177,
4.9,392,
6,573,
6.6,762,
6.8,0,
7.2,0,
7.2,0,
2.8,0,
6.6,0,
6.7,356,
7,23000,
4.4,0,
7.1,3000,
6.2,921,
7.3,23000,
5.1,0,
8.1,115000,
6.7,0,
6.6,0,
4.5,939,
8.1,16000,
6.6,824,
6.5,282,
5.9,191,
6.6,0,
6.5,0,
7.3,0,
7.5,20000,
5.9,3000,
7.4,0,
6.9,19000,
7.9,0,
8.4,22000,
8,64000,
6,0,
7.3,0,
6.8,1000,
7.8,6000,
5.7,558,
6.1,0,
8.1,165000,
6.1,855,
7.5,0,
6.2,0,
6.2,57000,
7.9,12000,
7.4,0,
6.6,26000,
7.3,0,
7.5,15000,
5.6,1000,
7.3,0,
6.4,29000,
5,0,
5.4,896,
8.2,11000,
7.1,12000,
5.3,0,
6.5,12000,
6.2,27000,
6.4,0,
7.2,0,
6.9,2000,
5.7,0,
7.7,38000,
5.4,11000,
5.6,0,
7.7,90000,
5.1,0,
6.8,0,
8.4,11000,
4.9,3000,
7.1,38000,
6.6,0,
6.1,0,
4.1,0,
5.8,15000,
8.1,33000,
7.6,0,
7.8,81000,
4.6,810,
6,849,
7,0,
6.7,0,
6.4,1000,
7.2,0,
7.4,0,
4.8,0,
4,949,
6.2,6000,
7.7,0,
6.7,0,
7.9,0,
7.9,0,
5.5,466,
6.2,1000,
5.1,0,
4.1,243,
6.7,0,
4.7,0,
6.4,0,
6.3,0,
5.5,673,
7.3,47000,
6.3,0,
4.9,327,
7.6,16000,
6,0,
6.2,20000,
6.8,13000,
4.5,0,
5.7,175,
8.4,116,
4.6,356,
6.2,489,
7,49000,
6.9,10000,
6.1,566,
6.7,622,
5.6,251,
6.6,1000,
6.4,877,
2.8,436,
5.4,29000,
5,247,
5.1,648,
8,16000,
5.9,1000,
7.5,576,
8.2,35000,
7,0,
6.6,455,
6.7,923,
5.5,816,
4.9,1000,
6.9,0,
7.4,515,
5.6,647,
8,32000,
5.3,0,
6.2,0,
5.3,0,
6.6,10000,
7.2,10000,
4.6,157,
7.5,0,
6.5,0,
7.6,0,
6.2,0,
8,16000,
5.5,0,
6.3,0,
7.2,33000,
7.9,733,
6.7,0,
5.3,843,
6.3,391,
6.5,0,
5.6,708,
7,284,
8.3,12000,
7.2,0,
6.8,0,
6.4,0,
6.9,664,
8,0,
6.2,0,
6.4,0,
5.6,154,
6.1,0,
6,705,
5.1,0,
4.5,193,
5.9,445,
6,0,
5.8,0,
6.1,13000,
4.9,473,
5.7,18,
7.1,821,
6.6,277,
8.1,38000,
5.7,41000,
6.8,10000,
7.5,0,
6.2,998,
8.3,10000,
7.4,1000,
8,13000,
6.9,3000,
6.9,11000,
9.5,0,
5.5,489,
5.7,0,
7.2,4000,
6.9,0,
5.5,0,
5.9,17000,
7.7,0,
5.2,0,
7.1,0,
6.6,373,
5.5,0,
7.7,0,
5.4,0,
6.7,0,
5,2000,
6.4,18000,
6.6,184,
5.9,0,
5.7,530,
4.5,1000,
3.7,889,
5,0,
4.6,411,
6.5,4000,
4.9,1000,
6,645,
6.9,970,
5.7,0,
6.7,932,
6.9,905,
5.5,488,
4.4,0,
5.4,896,
7,0,
5.4,613,
5.4,0,
8,13000,
7.6,5000,
5.9,853,
6.6,860,
6.7,447,
3.9,231,
5.7,127,
6.7,2000,
6.5,76,
6.8,0,
6.3,512,
7.3,0,
6.9,1000,
7,702,
6.5,0,
3.6,934,
7.7,14000,
7.7,13000,
5.9,62000,
6.8,0,
7.4,0,
5.1,0,
9.1,0,
7.4,0,
7.2,52000,
6,329,
7.4,64,
8.3,14000,
8.1,0,
6.3,29000,
7.3,0,
3.6,502,
1.6,62000,
8,106000,
6.2,60000,
9,14000,
6.1,0,
5.7,0,
6.8,16000,
5.5,0,
6.8,0,
7.3,33000,
6.1,0,
7.2,10000,
5.9,1000,
6.1,0,
6.8,0,
7.7,15000,
4.9,0,
6.1,0,
2.5,0,
6.1,934,
5.9,833,
5.7,0,
5.6,0,
7.2,20000,
7.7,109000,
7.8,0,
6.1,593,
5.8,0,
6.5,0,
7.9,5000,
6.3,862,
3.8,204,
8.3,72000,
6.4,679,
6.7,3000,
6.1,0,
8.1,22,
6,251,
5.8,0,
5.6,0,
6.1,618,
5.9,11000,
7.3,0,
6.8,689,
5.7,5000,
7.3,186,
6.3,0,
5.9,69,
7.1,10000,
7.1,0,
8,131000,
5.1,107,
7.1,0,
6.5,141,
4.5,0,
6.6,18000,
4.3,0,
6.7,23000,
6.8,139,
5.4,332,
6.6,11000,
7.4,0,
7.3,0,
6.9,0,
8,15000,
6.4,0,
7.8,0,
6.1,0,
6.1,0,
5.1,0,
7.8,337,
7.4,19000,
7.8,38000,
8,0,
6.7,329,
6.6,344,
6.4,0,
6.7,44000,
6.2,0,
7.3,5000,
8.1,0,
7,0,
8,18000,
8,21000,
7,0,
7.9,0,
5.9,0,
6.6,0,
6.3,770,
7.7,0,
6.9,0,
7.1,0,
7.4,0,
6.5,15000,
6.5,0,
6.8,0,
7.5,0,
6.6,0,
7.1,32000,
6.6,0,
7,0,
3.3,0,
6.7,29000,
8,0,
6.8,0,
6,0,
5.4,0,
4.3,243,
6.2,0,
7.7,0,
8,0,
7.4,0,
5.9,0,
7.8,93000,
7.4,0,
6.5,0,
5.4,902,
7,0,
8.6,31000,
7.6,37000,
6.9,549,
7,0,
5.3,0,
6.4,0,
4.5,151,
7.8,28000,
6.7,0,
5.3,371,
6.3,0,
7,0,
5.3,439,
6.6,242,
5.8,0,
6.7,0,
6.6,1000,
7,0,
8.4,11000,
6,701,
5.4,507,
7.8,105000,
7.6,0,
6.6,0,
6.4,0,
7,0,
5.7,262,
5.9,1000,
6.3,650,
6.3,652,
6.2,0,
2.1,0,
5,251,
5.3,656,
7.1,0,
7,305,
7,7000,
5.7,135,
7.1,0,
7,0,
7.7,29000,
7.1,677,
6.8,27000,
7.5,0,
6.3,314,
7.3,0,
6.8,0,
7.2,0,
6.4,423,
6,88,
6.4,1000,
5.1,0,
7.5,0,
7.1,607,
4.6,458,
5.7,784,
6.8,0,
7.7,0,
6.7,26000,
3.2,211,
6.1,0,
5.6,0,
6.9,13000,
7.5,26000,
5.8,23000,
8.3,27000,
2.8,634,
6.6,0,
7.5,355,
6,443,
6.2,4,
7.2,14000,
8.7,33000,
6,11000,
8,7000,
7.2,0,
4.5,0,
7.9,36000,
7.1,641,
7.5,7000,
6.8,15000,
4.3,774,
7.2,0,
5.8,0,
7.1,0,
7.4,19000,
7.6,0,
6.9,0,
6,0,
6.9,0,
7.3,0,
4.6,365,
6,541,
6.4,745,
5.5,902,
7.5,36000,
8.1,0,
6.3,0,
5.1,671,
6.8,13000,
5.3,449,
7.3,5000,
7.3,34000,
7.1,0,
7.6,10000,
5.3,405,
7.8,14000,
7.7,0,
7.7,0,
5.4,550,
6.2,174,
7.4,26000,
6.2,0,
5.1,967,
6.9,608,
6.3,0,
6.8,0,
7.4,11000,
5.7,0,
5.8,0,
6.2,85,
4.3,18000,
6.4,302,
6,659,
6.9,646,
5.5,0,
5.4,1000,
8.3,24000,
7.9,34000,
6.5,1000,
6.3,392,
6.4,119,
7.9,0,
5.3,250,
5.8,411,
6.6,0,
7.4,0,
8.3,31000,
5.3,0,
6.2,0,
6.9,0,
5.9,0,
6.1,0,
5.8,0,
7.3,12000,
5.9,0,
5.5,0,
5,676,
7,0,
7.8,0,
6.4,0,
5.9,4000,
7,0,
6.1,0,
6.9,0,
7.5,0,
7.3,48000,
6.5,227,
6.2,0,
6.7,0,
6,20000,
6.3,16000,
5.8,981,
6.1,29000,
6.9,0,
8.3,27000,
5.4,0,
6.7,0,
7.4,10000,
5.6,744,
6.5,0,
6.5,0,
5.8,368,
5,720,
5.5,0,
6.5,0,
7.2,10000,
7.3,21000,
7.2,0,
5.2,13000,
5.7,0,
4.7,0,
5.9,15000,
6.8,683,
5.9,331,
5.3,0,
6,997,
7.7,5000,
4.4,13000,
6.6,21000,
6.7,851,
5.5,767,
6.5,720,
6.2,0,
7.1,11000,
6.1,0,
7.1,680,
6,328,
7.4,27000,
5.9,441,
4.1,0,
5.8,0,
5.9,227,
7,17000,
6.8,808,
7.4,1000,
7.1,15000,
7,1000,
5.8,0,
7.8,16000,
6.5,0,
7,20000,
6.3,0,
5.3,0,
6.8,0,
5.5,0,
7.4,0,
4.3,25000,
6,25000,
5.2,518,
6.7,25000,
6.3,0,
7.9,0,
8.6,35000,
6.1,14000,
5.8,49,
7.7,0,
8,0,
5.6,398,
6.7,0,
6.6,0,
4.2,425,
6.6,0,
4.1,0,
7.3,0,
7.1,0,
6.5,0,
7,0,
5.5,0,
6.6,561,
7.1,944,
7.9,18000,
7.1,345,
5.6,208,
7.3,0,
3.3,0,
6.5,1000,
4.8,10000,
5.2,106,
6.3,0,
7.2,0,
6.8,0,
5.7,242,
7.2,0,
6.9,20000,
9.1,0,
6.3,533,
6.2,795,
6.7,12000,
6.5,0,
7.2,0,
5.3,319,
6.7,0,
6.2,74,
3.6,725,
5.7,883,
7.3,0,
5,952,
6.6,33,
6.6,5000,
6.8,85,
6.2,12000,
7.3,345,
6.2,117,
6.9,0,
6.6,0,
6.3,661,
7,0,
3.3,321,
6.7,503,
6.2,874,
6.5,0,
3.5,89,
5.5,370,
5.9,1000,
4.7,546,
4.2,58,
5.2,0,
5.2,402,
3.9,160,
6.1,0,
5.8,0,
6.7,376,
5.7,509,
4.5,0,
6.9,0,
4.8,186,
6.3,589,
6.9,1000,
5.4,695,
3.8,486,
7,746,
5.2,119,
7.3,0,
4.6,0,
6.5,850,
6.8,0,
6.7,957,
6.1,0,
5.2,0,
6.9,0,
6,1000,
7.9,33000,
4.5,616,
5.1,898,
7.6,0,
7.6,0,
6.7,0,
6.1,0,
7.5,0,
5.3,0,
6,0,
7.1,50000,
7.5,10000,
6.9,12000,
8.5,23000,
7.5,0,
6.6,0,
8,0,
7,0,
5.8,0,
7.3,0,
6.8,0,
6.7,0,
6.5,0,
8,0,
6.5,15000,
4.9,580,
7.1,0,
7,1000,
7,0,
7.5,0,
4.5,0,
5.5,266,
7.7,0,
7.2,0,
4.8,419,
6.7,1000,
7,838,
6.5,0,
7.4,0,
3.5,748,
5.7,0,
6.2,313,
5.7,215,
6.4,1000,
7,0,
7.7,0,
5.4,0,
6.6,124,
6.1,375,
6.1,348,
7.6,484,
6.2,0,
6.6,135,
6.1,0,
7.3,0,
4.2,128,
7.1,0,
6,120,
6.5,3000,
6.5,0,
5.7,0,
6.1,458,
7.1,0,
7.3,0,
6.5,0,
7.9,2000,
5.7,0,
7.2,19000,
7.3,0,
6.9,1000,
5,0,
5.9,0,
6.7,278,
7.3,0,
7.6,0,
6.5,8000,
2.1,0,
5.3,0,
7.2,387,
7,0,
8,27000,
6.5,0,
6.9,18000,
7.1,196,
7.3,341,
7.5,0,
6.9,0,
7.2,0,
7.2,1000,
6.7,8000,
6,467,
8.9,45000,
7.7,0,
7.9,65000,
5.6,713,
8,15000,
6.2,0,
7.9,15000,
8.1,24000,
7.6,11000,
3.5,0,
7.6,0,
6.5,0,
5.6,559,
7.7,40000,
5.2,0,
6.9,0,
6.1,0,
5,495,
7.8,240,
7.4,0,
6.8,0,
7.1,0,
6.4,0,
5.7,0,
7.5,0,
6.7,0,
5.6,0,
7,0,
7.6,18000,
6.5,938,
7,758,
6.3,0,
6.4,638,
7.1,12000,
7.1,19000,
6.5,160,
6.9,0,
5.4,0,
4.9,125,
5.1,77,
5.3,859,
7.5,788,
8.3,18000,
7.3,0,
7.3,0,
7.1,0,
6,0,
6.6,515,
7.2,20000,
7.2,0,
6.9,429,
6.8,0,
4,79,
7.7,11000,
7.4,43000,
6.5,412,
6.4,226,
7.2,434,
5.6,494,
6.3,75,
6.8,0,
5.5,143,
6.9,0,
6,3000,
7.7,0,
6.4,294,
6.6,532,
5.3,675,
8.1,0,
5.9,0,
7.7,520,
4.6,438,
5.1,81,
6.9,0,
8,205,
6.8,0,
5.4,0,
6.5,999,
4.2,689,
7.4,3000,
6.9,508,
6.7,0,
7.3,2000,
7.6,0,
5.4,0,
7.3,12000,
6.4,1000,
6,345,
7.2,1000,
6,0,
3.1,140,
6.9,31,
6.2,0,
5.5,655,
6.9,26,
6.3,0,
4.8,223,
7.9,18000,
6.7,0,
5.6,389,
5.4,108,
8,14000,
5.7,0,
7.6,25000,
7,0,
7.2,0,
6.2,0,
3.5,129,
7.5,10000,
5.1,0,
6.7,0,
9.2,43000,
6.1,0,
7.7,40000,
7.6,0,
6.1,54000,
4.9,2000,
6.8,0,
7,0,
7.2,0,
5.7,0,
7.3,115000,
7.5,0,
7.4,0,
7.2,0,
6.5,141,
9,61000,
6.8,0,
6.8,2000,
5.2,978,
7.2,10000,
7.5,407,
4,0,
6.8,824,
6.9,0,
8.2,6000,
7.3,23000,
6.1,375,
7.8,80000,
6,0,
4.1,44,
7,10000,
7.1,0,
6.2,0,
6.9,0,
7.6,16000,
7.6,0,
6.4,0,
6.2,0,
7.5,0,
2,446,
6.2,0,
7.7,0,
6.5,650,
7.4,0,
7.9,2000,
6.8,0,
6.3,0,
6.3,157,
6.6,357,
6.4,3000,
7.5,38000,
5.8,962,
6.5,797,
4.8,168,
7.2,0,
6.3,122,
7,0,
6.3,0,
5.3,0,
2.3,724,
7.1,19000,
6.2,0,
6.2,0,
6.7,97,
6.5,0,
5.9,916,
6.7,1000,
6,694,
6.9,311,
7.9,16000,
5.3,55,
4.8,0,
5.3,453,
6,41,
7.3,0,
7.4,389,
7.7,10000,
4.8,586,
7.2,187,
5.8,0,
7.3,687,
7,1000,
6.4,413,
5.6,10000,
8.2,37000,
6.5,282,
6.4,663,
8.1,11000,
5.4,45000,
6.3,479,
7.8,0,
6.8,0,
7.2,337,
7.1,0,
6.2,391,
7.3,0,
5.9,515,
7.2,0,
3.6,342,
7.7,802,
7.3,23000,
7.4,0,
6.6,19,
6.9,12000,
6.8,1000,
7.3,260,
7.2,0,
6.5,830,
7.7,13000,
8.1,13000,
7.7,11000,
7.6,0,
7.3,0,
8.7,0,
7.2,0,
7.2,13000,
8.1,9000,
7.5,0,
8.1,0,
7.8,0,
7.8,0,
5.8,0,
7.6,0,
7.4,0,
6.3,478,
6.9,990,
8.6,28000,
5.1,1000,
6.4,0,
7.9,10000,
6.9,403,
7.5,0,
7.2,0,
5.8,624,
2.9,256,
6.2,355,
7.3,0,
6.2,0,
8.2,11000,
6.8,0,
6.1,985,
7.7,0,
5.2,926,
6.8,15000,
6.5,28,
7,0,
5.9,0,
7.1,21000,
5.5,9000,
7.4,0,
7.3,17000,
4.6,422,
7.2,0,
7,915,
5.1,985,
6.7,0,
5.3,901,
8.4,0,
7.8,0,
6.7,0,
5.4,84,
7.2,0,
5.8,289,
6.4,29,
8,0,
7,0,
7,643,
6.7,605,
3.8,125,
5.7,0,
6.6,52,
6.7,0,
6.1,0,
6.2,224,
6.2,30,
7.4,733,
4.7,850,
8.3,570,
7.2,0,
5.8,176,
5.9,275,
6.3,0,
7.2,1000,
5.4,0,
8.2,0,
7.3,0,
7.3,0,
5.8,0,
6.1,0,
7.1,0,
6.5,0,
7.9,0,
5.4,543,
7.1,0,
6.4,109,
8.4,0,
6.7,0,
6.9,160,
2.1,244,
4.3,365,
6.6,4000,
3.4,277,
8.3,0,
7.2,0,
5.6,0,
7.7,0,
6.6,33000,
7.6,0,
7.4,5000,
7.1,0,
3.4,438,
7.9,0,
6.7,352,
6.6,1000,
7.9,0,
4.9,113,
7.2,0,
7.4,13000,
6.1,543,
8.4,0,
6.2,679,
5.3,1000,
5,915,
7.7,484,
7.6,23000,
6.3,11000,
7.6,989,
5.6,0,
7.3,0,
6.2,421,
6.6,35000,
6.6,0,
7.3,33000,
6.6,0,
6.9,0,
5.8,24000,
4.4,18000,
6.6,0,
7.1,15000,
7.6,14000,
4.6,26000,
6.8,0,
7.1,620,
4.9,963,
7.3,0,
7.2,0,
5,10000,
8.2,9000,
8,65000,
5.2,0,
8.5,40000,
6.5,23000,
7.4,0,
7.7,0,
7.4,22000,
5.1,232,
7.3,0,
5,122,
7.2,1000,
6.7,0,
6.4,11000,
7.1,0,
5.6,575,
6.2,0,
6.1,14000,
5.2,0,
7.3,599,
7.5,45000,
6.6,376,
6.4,0,
4.5,1000,
6.6,5000,
5.3,25000,
4.9,0,
7.7,0,
8,19000,
3.8,562,
7.6,0,
5.9,0,
6.2,0,
7.2,0,
6.3,0,
5.2,0,
6.9,0,
6.8,16000,
6.2,0,
6.2,270,
3.5,11000,
6.1,738,
6.6,213,
4.5,740,
5.9,207,
6.9,0,
7.7,0,
6.6,672,
5.3,327,
6.3,729,
7,0,
7,0,
6.6,462,
8.6,10000,
6.4,393,
7.9,47000,
5.4,249,
6.9,89,
7.7,920,
7.2,0,
6.8,0,
6.2,323,
7.4,0,
4.6,0,
6.4,0,
7,507,
7.7,21000,
6.8,247,
7,13000,
7,0,
6.3,0,
7.1,10000,
5.6,255,
4.4,0,
7.1,0,
6.1,225,
7.4,133,
7.5,489,
7.2,274,
7.6,49000,
7.3,777,
6.2,44,
6.2,69,
4.6,174,
6.2,27000,
6.2,559,
3.3,40,
7.5,634,
4.2,0,
7.2,0,
6.2,639,
6.1,887,
4.2,419,
4.5,38,
8.4,0,
7.5,0,
6.7,165,
5.1,0,
5.5,58,
4.4,0,
4.4,190,
6.8,2000,
6.7,35,
8.6,49,
4.8,0,
3.4,0,
7.4,1000,
7.3,0,
8,0,
6.5,10000,
5.9,0,
6.8,750,
7.4,14000,
6.7,0,
6.8,864,
5.4,0,
5.5,0,
7.4,0,
5.7,30000,
5.4,11,
3.2,491,
7.1,2,
7.8,2000,
5.3,31,
7.2,0,
6.2,199,
5.9,0,
7.3,285,
6.7,0,
5.7,0,
7.1,0,
7.2,0,
7.4,0,
7.7,0,
7.7,2000,
7.4,2000,
8.4,38000,
7.1,501,
7.2,539,
7.5,1000,
5.4,0,
8.1,33000,
6,0,
7.8,689,
6.8,3000,
6.5,0,
7.7,4000,
6.4,0,
6.5,0,
7.3,528,
6.6,0,
7.9,0,
5.9,7000,
4.7,62,
8.7,32000,
5.9,224,
6.7,629,
8.5,10000,
8.4,0,
5.8,0,
6.1,0,
7.3,0,
6.7,0,
7.6,0,
7.2,504,
6.2,2000,
5.8,24000,
5.2,0,
8.1,0,
7.1,61,
6.5,0,
7.3,0,
6.2,0,
5,0,
8,0,
7.8,17000,
8.1,0,
6.7,625,
6.1,51000,
7.1,0,
5.6,22000,
7.6,0,
4.3,0,
7.3,0,
7.3,661,
4.6,8000,
6.8,283,
7.5,634,
7.1,16000,
7.3,27000,
8.3,8000,
5.4,2000,
4,0,
8,92000,
6.7,0,
5.7,0,
4.6,842,
4,118,
7,762,
7.4,0,
5.9,576,
4.6,138,
4.8,0,
7.5,11000,
4.7,0,
6.7,0,
6.3,414,
6,931,
6.7,0,
7.1,15000,
2.7,131,
7.3,816,
7.6,0,
5.8,309,
6.5,830,
6.6,708,
6.2,16000,
6.9,0,
8.5,26000,
4.8,550,
6.6,0,
5.7,987,
7,872,
5.4,111,
7.1,12000,
6.9,11000,
6.6,167,
5.9,314,
6.3,614,
6.3,182,
7.7,0,
7,10000,
6.3,132,
5.9,108,
6.2,0,
5,98,
7.7,0,
6.5,0,
6.1,325,
5.8,161,
6.1,278,
6,798,
6.3,0,
6.3,688,
7.5,282,
7.6,0,
5.2,657,
7.8,279,
6.6,296,
4.7,0,
6.7,0,
4.2,531,
6.3,170,
4.7,365,
6,0,
7.9,2000,
8.1,17000,
8.2,16000,
6,0,
6.8,251,
7.3,237,
7,456,
7.3,17000,
7.5,385,
6.8,0,
7.1,359,
6.9,0,
6.9,0,
6.9,29000,
8.4,0,
7.9,0,
7.2,0,
7.8,16000,
3.5,358,
7.3,8000,
7.5,0,
7.8,14000,
6,1000,
7.3,357,
8,0,
7.6,930,
7,470,
7.5,0,
6.8,43000,
3.9,280,
6.1,453,
7.5,0,
8.2,33000,
7.2,3000,
4.8,804,
7.8,0,
5.2,0,
3.3,93000,
6.8,140,
7,38000,
6.5,360,
5.7,15000,
6.4,414,
5.3,1000,
4.7,0,
6.1,127,
5.5,18,
7.3,405,
4.8,211,
8.4,5000,
7,121,
3.3,721,
5.4,482,
4.8,570,
3.1,606,
6.7,0,
7.6,0,
7.1,21000,
6.1,224,
6.5,0,
8.5,129000,
8.7,28000,
7.1,0,
6.6,0,
6.7,799,
8.3,60000,
8.1,18000,
7.4,0,
6.6,934,
4.5,0,
6.4,100,
7.5,0,
8,13000,
8.1,0,
7.2,0,
7.5,0,
7.2,15000,
6.4,0,
7.6,0,
7.8,0,
5.7,0,
8.6,41000,
8.2,21000,
6.6,290,
5.7,14000,
7.4,0,
8,4000,
7.3,0,
5.4,0,
7.4,0,
5.7,31000,
6.8,58000,
5.4,63,
8.1,0,
6.1,0,
5.1,902,
5.6,38,
5.9,0,
8.2,0,
5.3,710,
6.8,609,
8.3,0,
4.3,949,
6.7,933,
7.2,635,
6.9,0,
6.6,889,
5.9,545,
7.9,808,
8.3,0,
5.2,143,
7.8,1000,
7.8,0,
3,837,
7.9,62000,
3.2,491,
6.5,812,
6.9,187,
7,595,
7.4,367,
7.8,0,
6.9,1000,
4.4,131,
6,0,
6.6,0,
7.8,0,
5.3,217,
5.3,417,
8,0,
7.1,430,
5.4,0,
6.9,0,
7.4,11000,
7.3,0,
7.8,0,
6.6,26,
5.4,20000,
8.4,43000,
6.3,0,
6.1,37000,
5,174,
6.9,0,
7.2,76,
7.3,0,
5.7,0,
5,518,
5.3,0,
7.9,3000,
5,47,
5.3,0,
6,0,
7.6,450,
7.4,442,
5.9,348,
4.1,0,
6.7,117,
5.8,0,
6.2,580,
5.3,0,
3.3,48,
6.5,24000,
6.2,54,
5.9,448,
5.5,433,
5.5,0,
2.6,2000,
5.8,6000,
7.4,3000,
5.1,32,
5.2,406,
4.8,395,
3.9,398,
6.2,37,
7,56000,
6.2,229,
5.9,480,
8,0,
7.3,612,
4.9,968,
6.5,88,
4.3,421,
6.4,0,
7.6,7000,
6.8,0,
6.1,0,
4,369,
7.4,0,
8.3,10000,
5.3,0,
8.1,14000,
8,14000,
5.7,0,
8.2,349,
7.1,381,
7.4,0,
6.6,50,
5.7,77,
6.9,573,
7,121,
7,116,
7.8,12000,
5.9,0,
7.4,17000,
7.8,963,
6,323,
5.3,1000,
7.9,0,
7.2,0,
7.4,30,
5.3,254,
8.3,0,
7.6,10000,
5.1,0,
5.1,0,
4.9,3000,
6.9,0,
4.6,0,
6.3,819,
7.9,1000,
6.7,0,
7.1,0,
7.6,0,
8.1,22000,
6.6,39,
7,500,
7.6,774,
6.7,430,
7.1,13000,
7.6,0,
7.1,10000,
7.1,16,
7.7,24000,
7.6,588,
6.6,144,
6.7,0,
5.7,140,
7.1,0,
6.2,0,
6.1,560,
5.9,0,
6.8,19000,
5.8,190,
5,0,
6.3,89,
6.8,352,
5.1,250,
6.6,79000,
5,0,
7.7,11000,
3.1,0,
6.5,144,
3.9,566,
6.8,500,
7,438,
5.9,279,
5.8,0,
7.3,0,
7.8,3000,
7.8,0,
6.9,224,
5.7,0,
4.7,1000,
5.9,285,
5.9,13000,
4.3,77,
7.5,68,
4.8,452,
5.8,172,
5.3,107,
6,870,
8.1,0,
7,0,
7.6,0,
7.2,305,
7.5,15000,
6.3,162,
6.7,14,
4.8,275,
5.5,380,
7.5,0,
5.1,321,
7.4,763,
7.3,0,
6.9,45000,
6.8,0,
8.4,15000,
7.6,0,
7.6,0,
7.7,0,
7.6,0,
5.3,0,
8.5,39000,
7,10000,
8,0,
7.1,236,
7.8,0,
7.2,0,
7.5,0,
8,13000,
8.1,11000,
6.8,0,
7.4,0,
7.2,20000,
8.1,0,
7,60,
7.4,0,
8.3,63000,
6.1,0,
7.5,0,
7,0,
5.3,0,
4.7,134,
5.7,0,
8.1,558,
7.8,0,
6.5,0,
8,0,
3.3,32,
8.3,0,
6.9,0,
7.3,43,
8.1,0,
6.5,0,
6.8,592,
7.3,495,
6.4,166,
4.6,974,
6.5,739,
7,857,
5.4,17000,
6.7,0,
2.8,10,
7.4,0,
5.8,407,
7.1,224,
4.5,0,
7.9,3000,
5.3,39,
5.4,61,
4.8,715,
5.9,0,
6.2,195,
5.9,810,
6.6,0,
6.6,474,
5.1,215,
6,0,
6.8,0,
5.4,604,
5.2,0,
7.8,1000,
6.4,205,
6.1,0,
5.7,0,
5.5,0,
7.4,0,
7.1,0,
3.9,115,
4.6,44,
7.3,1000,
7.7,0,
4.9,153,
6.3,912,
6.1,0,
6.6,0,
5.7,655,
5.6,825,
6,200,
5.7,0,
7,805,
5.3,69,
4.4,651,
3.4,0,
4.5,0,
3.4,728,
7.1,0,
6.4,298,
5.2,620,
7,24000,
7.3,17000,
8.1,0,
5.8,104,
5.9,39000,
6.4,1000,
7.5,10000,
7.8,0,
6.3,213,
7.2,1000,
5.6,0,
7.2,10000,
8,5000,
8.5,18000,
6.8,544,
7.3,31000,
5.5,511,
7.3,0,
6.3,952,
5.1,82,
6.6,0,
6.1,266,
7.5,353,
7,0,
7.2,169,
5.3,368,
8.7,8,
3.4,566,
5.4,569,
7.8,0,
6.7,0,
4.7,326,
6.3,73,
7.4,0,
6.1,794,
7.5,951,
6.3,17000,
6.3,374,
6.8,869,
7.8,16000,
6.9,305,
8,0,
7.8,0,
7.4,721,
6.1,0,
4.3,43,
3.5,588,
7.2,0,
4.7,844,
7.3,0,
7.9,6000,
5.1,9,
7.2,278,
5.4,63,
3.7,2000,
7.4,7000,
7.1,0,
6.8,0,
8.2,0,
7,0,
7.4,0,
6.7,682,
5.7,784,
9.1,0,
7.6,0,
7.2,619,
7.5,0,
6.8,60000,
6.9,0,
7.9,0,
7.6,0,
6.7,608,
5.8,0,
6.5,853,
7.2,0,
6.9,415,
5.5,307,
6.5,0,
6.2,0,
6.7,0,
5.7,0,
8.6,0,
6.5,304,
6.3,0,
4.3,68,
6.1,212,
6,216,
5.8,594,
6.7,0,
6.7,371,
7.6,132,
5.1,15000,
6.8,10000,
6.8,0,
6.8,193,
6.3,283,
7.1,0,
2.8,236,
8.2,232,
3.1,402,
7,38000,
3.3,750,
3.6,135,
7.7,0,
6.7,57,
5.5,209,
6.6,400,
4.8,724,
5.5,969,
6.3,389,
6.9,223,
6.5,0,
8.2,21000,
7.1,32,
7.3,533,
8.1,5000,
7.2,872,
7.4,100,
6.5,117,
5.7,932,
6.1,0,
7.7,963,
8.7,0,
4.3,220,
6.2,3000,
3.3,66,
2.7,0,
5.2,969,
8.2,0,
6.1,0,
8,0,
5.5,0,
5.7,0,
3.7,381,
7.1,1000,
7.8,0,
7.3,632,
4.1,447,
7.2,2000,
7.7,0,
7.1,0,
7.6,221,
7,407,
5.5,0,
7.4,0,
7.7,756,
7.2,0,
7.8,10000,
6.6,0,
6,0,
8.4,19000,
6.5,548,
8.9,20000,
7.9,0,
6,0,
6.1,27,
7.4,5000,
6.2,87,
5.6,754,
7.2,75,
6.1,480,
3.8,636,
7.1,204,
4.5,161,
3.8,238,
6.2,0,
6.6,477,
4.6,479,
4.2,242,
6.8,0,
7.7,0,
7.1,954,
5.9,241,
4.7,51,
7,131,
6.9,0,
6.1,0,
7.6,51000,
3,444,
2.6,200,
8.6,23000,
6.1,0,
7.5,773,
6.7,0,
8.1,0,
4.9,234,
6.8,7000,
6.8,328,
5.7,13000,
8.3,35000,
6.6,0,
7.3,5000,
5,24000,
7,0,
3.4,0,
5.9,816,
6,339,
7.4,25000,
7.4,0,
4.2,12000,
6.2,0,
6.2,365,
7.5,0,
7.2,624,
7.2,0,
5.4,12000,
7,75,
7.2,11000,
7.9,37000,
6.8,0,
6.7,392,
7.5,10000,
6.8,0,
6.9,0,
6.8,0,
7.2,0,
7.4,14000,
5.6,387,
6.8,227,
7.2,0,
7.7,0,
7,671,
7.2,0,
6.4,35000,
7.2,603,
7.2,100,
6.2,92,
6.9,0,
6.2,0,
6.9,571,
7,166,
6.7,115,
3.6,24,
6.3,0,
7.4,0,
7.4,11000,
7.3,32000,
6.1,150,
6.7,16000,
8.2,20000,
7.7,0,
7.3,587,
7.4,32,
5.7,25,
7.6,0,
6.8,0,
5.6,706,
4.8,31,
6.4,0,
6.8,0,
6.1,157,
5.2,27,
6.9,43,
6,210,
6.3,143,
6.1,244,
5.5,793,
6.9,0,
5.6,17,
1.9,128,
4.1,42,
5.4,47,
6.8,0,
7,259,
6.7,501,
5.8,903,
6.2,138,
2.8,297,
7.3,32,
5.8,141,
6.5,599,
6.1,3,
5.1,0,
2.2,150,
7.2,68,
5.7,370,
3.4,41,
3.8,54,
4.7,0,
5.6,968,
3.9,91,
5.4,48,
5.2,936,
3.5,0,
5.3,212,
7,23000,
7.1,785,
5.5,2000,
5.9,57,
6,884,
4.8,42,
7.1,489,
8.2,0,
5.7,995,
7.9,14000,
7.3,52,
7.1,12000,
6.4,698,
5.9,0,
7.5,17000,
6.4,0,
7.4,0,
7.3,337,
6.5,12000,
7.2,0,
6.7,24,
7.1,181,
6,0,
6.7,0,
5.6,409,
7,933,
4.9,549,
3.2,312,
8.4,48000,
6.9,33,
7.5,0,
7.2,81,
7.2,219,
8,926,
7.4,18,
7.2,83,
6.5,130,
7.2,396,
4.2,4,
5.1,0,
6.4,23000,
6.8,1000,
6.2,14,
7.5,0,
7.7,274,
6.9,307,
7,31000,
7.5,614,
6.3,0,
5.5,0,
4.8,0,
8.1,0,
6.6,163,
5.2,0,
5.6,2000,
3.1,128,
8.1,3000,
8.3,0,
7.1,903,
8.1,1000,
7.2,420,
6.3,523,
4,303,
7.2,0,
5.3,0,
7.2,0,
6.5,102,
6.5,161,
4.9,158,
5.2,0,
7.4,203,
7.4,5,
5.4,1000,
3.9,0,
5.3,0,
7.8,1000,
6.4,0,
8.1,0,
6.5,0,
5.6,12,
5.6,11,
6.6,51,
6.3,358,
7.7,34,
7,32,
8,9,
7.2,36,
4.5,128,
7.7,0,
7.2,88,
6.1,7,
6.4,18,
6.5,0,
7,126,
6.1,816,
5.7,0,
5.4,244,
5.9,0,
7.5,588,
7.7,0,
7.1,0,
7.4,694,
7.6,491,
6.4,43,
7.4,0,
6.8,287,
6.5,0,
6,44,
7.3,180,
7.3,1000,
6.5,51,
6,139,
5.3,86,
6.6,238,
6.1,0,
7.1,590,
8.7,11000,
8.4,0,
5.8,344,
6.2,155,
5.8,46000,
6.7,26000,
5.7,60,
6.1,183,
6.4,19000,
5,29,
6.5,339,
4.6,898,
7.7,23,
7.3,808,
6.6,22,
6.4,0,
5.8,0,
7.2,16,
7.2,0,
3.5,0,
7.5,337,
2.2,353,
3.3,0,
6.6,701,
6.9,126,
4,381,
7.4,707,
8.3,70,
5.7,0,
6.8,44,
5.2,9,
6.4,60000,
6.2,0,
5.9,123,
7.7,0,
4.3,62,
7.1,0,
6.2,0,
6.8,31,
7.7,439,
8.2,460,
7.5,865,
7.6,0,
4.1,61,
6.9,0,
7.1,0,
6.3,12000,
7.7,0,
8.3,14000,
7.1,426,
4.7,39,
7.7,0,
7.2,754,
5.1,638,
5.4,194,
6.9,2000,
8.2,526,
6.1,0,
6.1,166,
6.9,0,
5.8,7,
6,12,
8.2,0,
8,691,
7,672,
6.3,167,
7.6,12000,
6.1,0,
7.2,111,
7.8,0,
4.7,583,
7.5,70,
6.7,17000,
3.4,240,
7.9,12000,
8.9,40000,
6.9,675,
8.2,0,
7.3,13000,
8,0,
6.7,121,
6.6,0,
6.9,166,
7.1,0,
5.6,29,
6.7,594,
7.1,0,
5.2,92,
7.7,2000,
7.5,50,
7.6,379,
8.1,363,
5.5,26,
6.6,30,
3.2,53,
7.4,14000,
6.6,175,
6.2,0,
4.8,261,
4.5,4,
7.2,7,
4.3,114,
4.5,249,
6.4,0,
6.4,0,
7.3,0,
6.9,169,
4.3,16,
7.2,661,
6.5,423,
6.6,170,
6.7,133,
4.3,17,
7.3,11000,
6.4,46,
7,178,
5.5,98,
6.7,12000,
4.3,85,
6.1,93,
6.8,62,
3.9,0,
8.5,10000,
6.9,122,
7.3,773,
6.9,14000,
6.3,67,
2.5,777,
5.7,141,
7,11000,
6.2,0,
6.9,0,
4.5,76,
7.8,53,
4.4,519,
7.4,515,
6.6,71,
8,199,
8.3,226,
6.5,72,
7.1,231,
7.1,22000,
4,244,
7.5,801,
7,72,
4,17,
6.7,465,
7.2,0,
7,10000,
7.4,0,
8,0,
6.5,328,
7.2,30,
6.4,0,
6.5,569,
6.8,2000,
6.9,96,
7.5,26,
7.1,29000,
5.1,198,
6.2,47,
3.9,0,
6,443,
6.8,267,
7.4,44,
8.1,863,
6.5,0,
8,46000,
7.7,246,
7.2,90,
5.4,83,
6.7,38,
6.3,142,
8.1,66,
8.5,0,
7.7,0,
6.5,406,
8.7,88,
6.5,34,
7,21000,
5.8,0,
5.5,566,
7,65,
6.3,132,
7.9,26000,
7.3,73,
7.4,0,
5.4,0,
7.1,197,
7.5,0,
8.4,0,
7,215,
5.3,207,
7.1,116,
7.5,667,
6.1,0,
7.2,72,
6.7,0,
8.2,54,
6.6,14,
6.7,3000,
5.1,0,
7,377,
7,377,
8,0,
7.4,187,
5.4,0,
5.7,0,
6.7,0,
4.2,0,
7.4,0,
4.8,0,
7,471,
7.3,0,
5.8,157,
7,0,
3.2,178,
6.8,0,
7.7,0,
5.6,246,
7.1,10,
3.6,17,
6.8,65,
7.6,82,
6.6,0,
8.3,110,
7.5,24000,
5.4,97,
5.3,30,
4.5,34,
7.3,0,
5.6,0,
5.6,812,
4.1,1000,
6.8,182,
6.3,209,
5.8,3000,
6.6,265,
6.7,1000,
6.4,114,
6.3,0,
3.4,284,
4.7,2,
6,5,
7.3,0,
7.9,33,
6.1,10000,
7.4,83,
6.6,234,
5.5,72,
7.5,451,
7.6,0,
5,87,
3.2,239,
8.2,0,
3.7,225,
6.3,377,
4.1,13,
6.9,91,
5.4,48,
6.5,535,
7.8,0,
6.7,85,
6.4,108,
7.3,489,
5.7,10000,
7,61,
6.3,0,
7.1,2000,
4.8,33,
3.3,200,
6.9,725,
4.6,0,
3,33,
6.6,297,
7.4,45,
6.2,324,
4,835,
6.1,0,
6.9,171,
7.5,697,
6.7,105,
7.4,817,
6.1,22,
98,16,424
6.4,20,
7,19000,
6.3,74,
6.9,0,
7.8,4,
6.4,413,
7.7,84,
7.5,32000,
6.3,16,
6.3,660,
6.6,456,
